MODEL NUMBER,LOSS,PRECISION,RECALL,F-SCORE
0,14.077815258409828,0.8269763477510899,0.7753471181692384,0.800329947929267
1,0.9140439138864167,0.8219233085717507,0.8179003096585576,0.8199068742794573
